path,category,width,height,has_alpha,sha256,status,source_status,engineering_review,review_note
02_ASSETS/backgrounds/air_objects.png,backgrounds,416,330,True,ffbd2a32ff44fbae1e464706e94e5eec1117bb783dcfd499bfde392ed15e1bdb,candidate,READY_CANDIDATE_APPROVED_FOR_CODEX,needs_review,已检查文件一致性；缩略目视浏览不能代替独立工程/运行时视觉验收。
02_ASSETS/backgrounds/airplane.png,backgrounds,190,180,True,8b3c16db130bf5f7dc19801d1c67227de61e578cfba4114d95f77ec4bd1186f5,candidate,READY_CANDIDATE_APPROVED_FOR_CODEX,blocked,内容为云与星点，不是独立飞机。
02_ASSETS/backgrounds/airship.png,backgrounds,215,145,True,f5712693dae748d9f6382ff6468a87ff9f26fd2eb0d3265d2988a1004687c03d,candidate,READY_CANDIDATE_APPROVED_FOR_CODEX,needs_review,已检查文件一致性；缩略目视浏览不能代替独立工程/运行时视觉验收。
02_ASSETS/backgrounds/asteroid_cluster.png,backgrounds,230,251,True,be28506c60ea2c210940d8e6ef62b4f25be9ff9179c079d6f32fb8f941f37244,candidate,READY_CANDIDATE_APPROVED_FOR_CODEX,blocked,混有背景色条和光效，不满足独立小行星组要求。
02_ASSETS/backgrounds/bg_city_far.png,backgrounds,720,225,True,bda68e86b0709460c2a75235465fb9cb2f5687ea71e6574054dc3bbf63fe1368,candidate,READY_CANDIDATE_APPROVED_FOR_CODEX,needs_review,已检查文件一致性；缩略目视浏览不能代替独立工程/运行时视觉验收。
02_ASSETS/backgrounds/bg_city_near.png,backgrounds,786,230,True,6b8b6856d48ea0f95b0f0a97b0a94944fd649cda3b664a812e84b6a7d7711697,candidate,READY_CANDIDATE_APPROVED_FOR_CODEX,needs_review,已检查文件一致性；缩略目视浏览不能代替独立工程/运行时视觉验收。
02_ASSETS/backgrounds/bg_sky_panel.png,backgrounds,370,250,True,81e6413b1a8b6e4a72c63da59c9783c4cfe0cc8969b31d62824f67e64cc0a46d,candidate,READY_CANDIDATE_APPROVED_FOR_CODEX,needs_review,已检查文件一致性；缩略目视浏览不能代替独立工程/运行时视觉验收。
02_ASSETS/backgrounds/blimp.png,backgrounds,235,180,True,33792327655fc29d14167dd07b858aa5e73d03edf7ec901593e05b32bf29ea0d,candidate,READY_CANDIDATE_APPROVED_FOR_CODEX,blocked,内容为云与星点，不是独立飞艇。
02_ASSETS/backgrounds/cloud_large_01.png,backgrounds,365,200,True,871fcc2f758607be2a4d6a21c33c9ec8596321379e302d7b0c9bf8a4cdbfb515,candidate,READY_CANDIDATE_APPROVED_FOR_CODEX,needs_review,已检查文件一致性；缩略目视浏览不能代替独立工程/运行时视觉验收。
02_ASSETS/backgrounds/cloud_large_02.png,backgrounds,390,195,True,f836cf71251559bf9c71a0c47d5d58bfab28fab700fdd79593784a5c43afc1fb,candidate,READY_CANDIDATE_APPROVED_FOR_CODEX,needs_review,已检查文件一致性；缩略目视浏览不能代替独立工程/运行时视觉验收。
02_ASSETS/backgrounds/cloud_large_a.png,backgrounds,330,240,True,f562d8072f84d596960fb152077784eefe537e5bfb8d416864118c4ccad91849,candidate,READY_CANDIDATE_APPROVED_FOR_CODEX,blocked,主要内容为城市建筑，不是清单所述大云。
02_ASSETS/backgrounds/cloud_large_b.png,backgrounds,350,240,True,c64d71d4b260153d89c63354ee5705f47821d8c4968da6324f13abf2ba87f6a7,candidate,READY_CANDIDATE_APPROVED_FOR_CODEX,blocked,主要内容为城市建筑，不是清单所述大云。
02_ASSETS/backgrounds/cloud_mid_a.png,backgrounds,240,170,True,b28eec6489a2b077e0eb12302efaea07e480a2263c5f6dd0bf604f2b385057cc,candidate,READY_CANDIDATE_APPROVED_FOR_CODEX,blocked,主要内容为城市建筑，不是清单所述中云。
02_ASSETS/backgrounds/cloud_platforms.png,backgrounds,900,190,True,830de7f942086736d8863c530e54cf8464c54d3ddb4888487583472fe296ed98,candidate,READY_CANDIDATE_APPROVED_FOR_CODEX,needs_review,已检查文件一致性；缩略目视浏览不能代替独立工程/运行时视觉验收。
02_ASSETS/backgrounds/cloud_small_a.png,backgrounds,185,150,True,5447b9a6bf19f9e1dcc8ec900dc0a7c4b3af29570cba25f029c54c76f9fff9af,candidate,READY_CANDIDATE_APPROVED_FOR_CODEX,blocked,主要内容为楼顶，不是清单所述小云。
02_ASSETS/backgrounds/cloud_small_b.png,backgrounds,175,150,True,aa8e50583f925f115988545185f822ec77431f227a7499d35372a228ae10f22b,candidate,READY_CANDIDATE_APPROVED_FOR_CODEX,blocked,主要内容为楼顶，不是清单所述小云。
02_ASSETS/backgrounds/cloud_small_c.png,backgrounds,168,149,True,eb130d81cf44c7e17012d754e94f8ad009c1bce254d2154482ebe72dfebb31a3,candidate,READY_CANDIDATE_APPROVED_FOR_CODEX,blocked,主要内容为楼顶，不是清单所述小云。
02_ASSETS/backgrounds/cloud_small_group.png,backgrounds,748,220,True,8f539cb2db693749073302983a999f5f04234b44b1b19b11404d1fdc54ed8876,candidate,READY_CANDIDATE_APPROVED_FOR_CODEX,needs_review,已检查文件一致性；缩略目视浏览不能代替独立工程/运行时视觉验收。
02_ASSETS/backgrounds/earth_curve.png,backgrounds,650,166,True,af2627b1b9a68e1ceb48a18e3a6cef0006cc84b400e13188dbdc4a53c5024e27,candidate,READY_CANDIDATE_APPROVED_FOR_CODEX,needs_review,已检查文件一致性；缩略目视浏览不能代替独立工程/运行时视觉验收。
02_ASSETS/backgrounds/earth_curve_wide.png,backgrounds,665,246,True,705db6f4f57b9fc1902fbec4b49f317fcfd4c2a5b873a33af719f786d392e2ce,candidate,READY_CANDIDATE_APPROVED_FOR_CODEX,needs_review,已检查文件一致性；缩略目视浏览不能代替独立工程/运行时视觉验收。
02_ASSETS/backgrounds/earth_full.png,backgrounds,570,206,True,4125f6f72159408a14d80a95961283ffc792288be81083156b8fbbda5dd668aa,candidate,READY_CANDIDATE_APPROVED_FOR_CODEX,needs_review,已检查文件一致性；缩略目视浏览不能代替独立工程/运行时视觉验收。
02_ASSETS/backgrounds/earth_small.png,backgrounds,190,221,True,eb8d20bc445a11713de488bb894129b3c697acf3d6eb90fcc2a9c286e17aa64d,candidate,READY_CANDIDATE_APPROVED_FOR_CODEX,needs_review,已检查文件一致性；缩略目视浏览不能代替独立工程/运行时视觉验收。
02_ASSETS/backgrounds/floating_island_01.png,backgrounds,275,220,True,e66ad88afe8167b693058f9bf6b8aabf9782bcbd786807ba54dd717efb1fd2c5,candidate,READY_CANDIDATE_APPROVED_FOR_CODEX,needs_review,已检查文件一致性；缩略目视浏览不能代替独立工程/运行时视觉验收。
02_ASSETS/backgrounds/floating_island_02.png,backgrounds,235,210,True,363d29c4a0e55ead18833b81f1b7c39775f274cda146c0005962b1076001c888,candidate,READY_CANDIDATE_APPROVED_FOR_CODEX,needs_review,已检查文件一致性；缩略目视浏览不能代替独立工程/运行时视觉验收。
02_ASSETS/backgrounds/floating_island_large.png,backgrounds,218,210,True,fc8198f53252655dd4f22321e1cd06e70cf60d7196f743b1700c68b0eda68aae,candidate,READY_CANDIDATE_APPROVED_FOR_CODEX,needs_review,已检查文件一致性；缩略目视浏览不能代替独立工程/运行时视觉验收。
02_ASSETS/backgrounds/floating_island_small.png,backgrounds,190,185,True,86d924cb467b4f87fd02ab2797baf37f57a34c5a6e008ad9572a85072358aced,candidate,READY_CANDIDATE_APPROVED_FOR_CODEX,needs_review,已检查文件一致性；缩略目视浏览不能代替独立工程/运行时视觉验收。
02_ASSETS/backgrounds/hot_air_balloon.png,backgrounds,170,185,True,36e2b1cadb9e9b82670abe9b97f373805389bbd5285b1f48f75e3d0f999ed1d6,candidate,READY_CANDIDATE_APPROVED_FOR_CODEX,blocked,内容为风流/星点/星云残片，不是独立热气球。
02_ASSETS/backgrounds/moon.png,backgrounds,150,226,True,74c0eb5be0154fd8fffd334c853a127e93414387827889c5dca0b4469d17a1d9,candidate,READY_CANDIDATE_APPROVED_FOR_CODEX,blocked,内容为背景色条等残片，不是独立月球。
02_ASSETS/backgrounds/nebula_group.png,backgrounds,320,236,True,0aa07e066a9e4fde41dfa8a48d3b9f8a04f619e354e313c4fa936a063a987bed,candidate,READY_CANDIDATE_APPROVED_FOR_CODEX,needs_review,已检查文件一致性；缩略目视浏览不能代替独立工程/运行时视觉验收。
02_ASSETS/backgrounds/nebula_large.png,backgrounds,310,180,True,12947f563cb55a20af3678a0b02f3ac46d8dae88752cc09f922d898bebaf14f0,candidate,READY_CANDIDATE_APPROVED_FOR_CODEX,needs_review,已检查文件一致性；缩略目视浏览不能代替独立工程/运行时视觉验收。
02_ASSETS/backgrounds/planet_purple.png,backgrounds,160,236,True,545904e6eb3b495258ad94c80c68e33f70bd8546b127434b2aed947a8b19d75d,candidate,READY_CANDIDATE_APPROVED_FOR_CODEX,blocked,主要内容为色条和邻近残片，不是独立紫色行星。
02_ASSETS/backgrounds/planet_red.png,backgrounds,130,185,True,7e20fa08bb22083bf6eb69b09939e2e30e60e3bfafb24942a662381ecb974182,candidate,READY_CANDIDATE_APPROVED_FOR_CODEX,blocked,主要内容为背景色条，不是独立红色行星。
02_ASSETS/backgrounds/planet_ringed.png,backgrounds,190,236,True,02dbcf8eef7bdd2c99bb8ebf1a88322594e2ea351d4e0bd8d609b947c5a1c1d6,candidate,READY_CANDIDATE_APPROVED_FOR_CODEX,blocked,主要内容为色条和残片，不是独立带环行星。
02_ASSETS/backgrounds/satellite.png,backgrounds,238,266,True,fa5d62256dc20c6a746f0502c0bcc7f39de40f4f13a104407437fd20ff52dd0d,candidate,READY_CANDIDATE_APPROVED_FOR_CODEX,blocked,主要内容为其他特效与残片，不是独立卫星。
02_ASSETS/backgrounds/satellite_group.png,backgrounds,268,301,True,506c681134b0304ca2341eb3fdaed74b3a2ada39794eeaefbedb31141b4b57ef,candidate,READY_CANDIDATE_APPROVED_FOR_CODEX,needs_review,已检查文件一致性；缩略目视浏览不能代替独立工程/运行时视觉验收。
02_ASSETS/backgrounds/space_planets_group.png,backgrounds,570,256,True,8d200c9d5ff6d95437284576e85aa6e8447e4e6b2d0da6a319812b6e9cc82c28,candidate,READY_CANDIDATE_APPROVED_FOR_CODEX,needs_review,已检查文件一致性；缩略目视浏览不能代替独立工程/运行时视觉验收。
02_ASSETS/backgrounds/star_cluster_a.png,backgrounds,240,140,True,fe64b0937dec290061b26095ceb007aba8a0d5dd28ea0fb8e12cb1390e0c56b1,candidate,READY_CANDIDATE_APPROVED_FOR_CODEX,needs_review,已检查文件一致性；缩略目视浏览不能代替独立工程/运行时视觉验收。
02_ASSETS/backgrounds/star_cluster_b.png,backgrounds,300,140,True,22b0acff1e53b3e58733e9d9696011770f06aee8df7ea021f808a8e4513d2eae,candidate,READY_CANDIDATE_APPROVED_FOR_CODEX,needs_review,已检查文件一致性；缩略目视浏览不能代替独立工程/运行时视觉验收。
02_ASSETS/backgrounds/stars_fx_group.png,backgrounds,500,186,True,9de3723c27205eb531e97c22953ec62827ae8455a50276ac5e73d013451c3f24,candidate,READY_CANDIDATE_APPROVED_FOR_CODEX,needs_review,已检查文件一致性；缩略目视浏览不能代替独立工程/运行时视觉验收。
02_ASSETS/backgrounds/wind_streaks.png,backgrounds,850,145,True,2319ec0ae90a39d530a8c06a9cfbef7a6d0543a02e1bb1baecc5f39d7590b0b2,candidate,READY_CANDIDATE_APPROVED_FOR_CODEX,needs_review,已检查文件一致性；缩略目视浏览不能代替独立工程/运行时视觉验收。
02_ASSETS/backgrounds/wind_swirl_a.png,backgrounds,285,180,True,80ba2d6c9e2cafadb8cf129a5833ce8ed3a66572e836c1b73482f37fa520df74,candidate,READY_CANDIDATE_APPROVED_FOR_CODEX,needs_review,已检查文件一致性；缩略目视浏览不能代替独立工程/运行时视觉验收。
02_ASSETS/backgrounds/wind_swirl_b.png,backgrounds,360,190,True,f228383c6c6d08602d473cd9ba2b1733a918f2d470d66f91b44eee8636614c4a,candidate,READY_CANDIDATE_APPROVED_FOR_CODEX,needs_review,已检查文件一致性；缩略目视浏览不能代替独立工程/运行时视觉验收。
02_ASSETS/claw/claw_cable_flex.png,claw,145,397,True,6b4ecfd6a94a9154d707d6b51248e355bf4b1d71219c654476dc2632bcbbb8d2,candidate,READY_CANDIDATE_APPROVED_FOR_CODEX,blocked,侧面带邻近组件残片，需完整独立索缆。
02_ASSETS/claw/claw_cable_straight.png,claw,160,399,True,7db8e9c4bab0d1d2c11418270165ec701e028e2c200b6330aec7aa359c263a5f,candidate,READY_CANDIDATE_APPROVED_FOR_CODEX,blocked,侧面带邻近组件残片。
02_ASSETS/claw/claw_open_mid.png,claw,355,335,True,d5e94acf4eae97ed327def10f9aae224b15547dfa573518c03e558a66891d085,candidate,READY_CANDIDATE_APPROVED_FOR_CODEX,blocked,右侧带邻近抓手残片。
02_ASSETS/claw/claw_open_narrow.png,claw,350,335,True,791de63db6e7297266397e78219e987c1eb4dea4a608456d7106b43c16faa14b,candidate,READY_CANDIDATE_APPROVED_FOR_CODEX,blocked,包含两只抓手及烤死的红色方块，不满足独立抓手状态要求。
02_ASSETS/claw/claw_open_wide.png,claw,370,340,True,426f727d91f1fbc841ba50d9b07728845b6763c6e4600681cd3dd6b6b05b3418,candidate,READY_CANDIDATE_APPROVED_FOR_CODEX,blocked,右侧带邻近抓手残片。
02_ASSETS/claw/claw_rail.png,claw,860,365,True,26b68f6ddcf6a6cca22d3286b8c47fec05e887615e939fd6f63954f06e6fc111,candidate,READY_CANDIDATE_APPROVED_FOR_CODEX,needs_review,已检查文件一致性；缩略目视浏览不能代替独立工程/运行时视觉验收。
02_ASSETS/fx/fx_contact_dust.png,fx,250,200,True,831d58703db58e5e736c57f33aa9ef7be6fd9784e51429619d183dc254d417b1,candidate,READY_CANDIDATE_APPROVED_FOR_CODEX,needs_review,已检查文件一致性；缩略目视浏览不能代替独立工程/运行时视觉验收。
02_ASSETS/fx/fx_debris_color.png,fx,290,250,True,ec510b9b66ab36f27ce8566b3006e33f8802eeb2b1d24368254f5817169b965c,candidate,READY_CANDIDATE_APPROVED_FOR_CODEX,needs_review,已检查文件一致性；缩略目视浏览不能代替独立工程/运行时视觉验收。
02_ASSETS/fx/fx_impact_burst.png,fx,350,240,True,62b15f36f7d2ea1098bbc9bffcca4b6903b6f8a96a980724305659a79593fa4b,candidate,READY_CANDIDATE_APPROVED_FOR_CODEX,needs_review,已检查文件一致性；缩略目视浏览不能代替独立工程/运行时视觉验收。
02_ASSETS/fx/fx_impact_ring.png,fx,290,220,True,b240baf07f0b33278c2f34ff627685e577eb0a72b183d3ca481e4d95c03778a2,candidate,READY_CANDIDATE_APPROVED_FOR_CODEX,needs_review,已检查文件一致性；缩略目视浏览不能代替独立工程/运行时视觉验收。
02_ASSETS/fx/fx_sparkle_strip.png,fx,668,246,True,63295fc35bf6331b84fa82ae13b6468d021960d968f198ecdd59e1de949dff05,candidate,READY_CANDIDATE_APPROVED_FOR_CODEX,needs_review,已检查文件一致性；缩略目视浏览不能代替独立工程/运行时视觉验收。
02_ASSETS/fx/fx_stable_swirl.png,fx,330,266,True,21f5ee5c5923eaa0822686d397f3c47b5c96655a61ecc63c6d1c181bee7ec635,candidate,READY_CANDIDATE_APPROVED_FOR_CODEX,needs_review,已检查文件一致性；缩略目视浏览不能代替独立工程/运行时视觉验收。
02_ASSETS/fx/fx_star_green.png,fx,300,266,True,c96f1852889e5921fad4acd5d7421843b99657196eb54517cc9f66715524fdf8,candidate,READY_CANDIDATE_APPROVED_FOR_CODEX,needs_review,已检查文件一致性；缩略目视浏览不能代替独立工程/运行时视觉验收。
02_ASSETS/fx/fx_star_recover.png,fx,268,265,True,c0cb766827c1d0cde834e043ab986ae6ba04505d1a6a6b790fd9b506cabc7e0a,candidate,READY_CANDIDATE_APPROVED_FOR_CODEX,needs_review,已检查文件一致性；缩略目视浏览不能代替独立工程/运行时视觉验收。
02_ASSETS/fx/fx_star_red.png,fx,260,261,True,40fcd801d294dafe42abe33061c2b72ef42dff12c49d3de4c434b914b1406cf1,candidate,READY_CANDIDATE_APPROVED_FOR_CODEX,needs_review,已检查文件一致性；缩略目视浏览不能代替独立工程/运行时视觉验收。
02_ASSETS/fx/fx_warning_burst.png,fx,215,240,True,f79f481e2ae890ff2572ac358b421b3c7927fb93d94a9fa54353a011bb02ff95,candidate,READY_CANDIDATE_APPROVED_FOR_CODEX,needs_review,已检查文件一致性；缩略目视浏览不能代替独立工程/运行时视觉验收。
02_ASSETS/hud/hud_height_sign.png,hud,454,225,True,8a21ce5b4d8be20b7d08bed4ccd3c776ba3ef474da2e3d16944423ec5f0d71c0,candidate,READY_CANDIDATE_APPROVED_FOR_CODEX,needs_review,已检查文件一致性；缩略目视浏览不能代替独立工程/运行时视觉验收。
02_ASSETS/hud/hud_next_frame.png,hud,272,379,True,bdd75d6f25a144269c40b031995ab9ac66c2ea584345534d236c7c67c6712bc3,candidate,READY_CANDIDATE_APPROVED_FOR_CODEX,blocked,框内烤有固定方块虚线，右侧带邻近组件残片。
02_ASSETS/hud/hud_pause.png,hud,258,225,True,92527ec1242cdcc4e4eee92c60fab7ca2e540a531596f8767f6ef25a8680cc4b,candidate,READY_CANDIDATE_APPROVED_FOR_CODEX,blocked,上方和侧面带邻近组件残片。
02_ASSETS/hud/hud_region_sign.png,hud,427,225,True,3169feb78f0acc23c55638efee30d65d750f8aeab3e5564f8e101986a7c6fd9c,candidate,READY_CANDIDATE_APPROVED_FOR_CODEX,needs_review,已检查文件一致性；缩略目视浏览不能代替独立工程/运行时视觉验收。
02_ASSETS/hud/hud_rotate_90.png,hud,430,403,True,e7c0d6f5ef2236287f61ab38cd0ddcf3773bcb5ef2a9154b56b9d7e4d4953c8c,candidate,READY_CANDIDATE_APPROVED_FOR_CODEX,blocked,上方和侧面带邻近组件残片。
02_ASSETS/hud/hud_star_empty_set.png,hud,245,185,True,83ffc141b4a673d8fc1e665a80d6df875949a70a3574029b4317b265760fd7ba,candidate,READY_CANDIDATE_APPROVED_FOR_CODEX,blocked,上方残片，星星组合边界需拆分复核。
02_ASSETS/hud/hud_star_full_set.png,hud,359,185,True,d54747eb636121ad2cc05c55a80387e1e9c3b3d134df8371d5a8c7d4243ae394,candidate,READY_CANDIDATE_APPROVED_FOR_CODEX,blocked,上方残片，星星组合边界需拆分复核。
02_ASSETS/hud/logo_game.png,hud,561,350,True,44b706a04a9b10fe347dd9f6226b036559455f7b73b6a987d73c87a7757de6d5,candidate,READY_CANDIDATE_APPROVED_FOR_CODEX,needs_review,已检查文件一致性；缩略目视浏览不能代替独立工程/运行时视觉验收。
02_ASSETS/item_bar/item_cooldown_overlay.png,item_bar,198,200,True,9f4b20ac1a735ec2c198c957e2d165e0147120ba0c5f7383269c39032e99b618,candidate,READY_CANDIDATE_APPROVED_FOR_CODEX,needs_review,已检查文件一致性；缩略目视浏览不能代替独立工程/运行时视觉验收。
02_ASSETS/item_bar/item_count_badges.png,item_bar,177,101,True,4755a6061933349dc0d3e0b6ca42aacba8122efce260fc72e9e601e80b396528,candidate,READY_CANDIDATE_APPROVED_FOR_CODEX,needs_review,已检查文件一致性；缩略目视浏览不能代替独立工程/运行时视觉验收。
02_ASSETS/item_bar/item_delete_btn.png,item_bar,175,193,True,8bc1eeef9fd00530df2d78ab7cb787d5c1b961cd720842a910bccc878b13f8e2,candidate,READY_CANDIDATE_APPROVED_FOR_CODEX,needs_review,已检查文件一致性；缩略目视浏览不能代替独立工程/运行时视觉验收。
02_ASSETS/item_bar/item_slot_disabled.png,item_bar,158,142,True,fc6400d50b8e1e715eb47c5e8eb219d407068fd8b24cf7c63fbe7c896209748d,candidate,READY_CANDIDATE_APPROVED_FOR_CODEX,needs_review,已检查文件一致性；缩略目视浏览不能代替独立工程/运行时视觉验收。
02_ASSETS/item_bar/item_slot_plus.png,item_bar,200,177,True,c8d025e704c1595ed165f82f8d98ff78ba8d25c61a5843087d33d4c716c02545,candidate,READY_CANDIDATE_APPROVED_FOR_CODEX,needs_review,已检查文件一致性；缩略目视浏览不能代替独立工程/运行时视觉验收。
02_ASSETS/item_bar/item_slot_selected.png,item_bar,179,152,True,968cdcc9a42d8ea5c1d6759c51df5ce8cc11d52bf95fbe3b436d7e4728815e70,candidate,READY_CANDIDATE_APPROVED_FOR_CODEX,needs_review,已检查文件一致性；缩略目视浏览不能代替独立工程/运行时视觉验收。
02_ASSETS/item_bar/itembar_empty.png,item_bar,345,173,True,cc687bc0f95193015784483d8d41e2fbda3f7863f59f889769c36ac2f6aa529a,candidate,READY_CANDIDATE_APPROVED_FOR_CODEX,needs_review,已检查文件一致性；缩略目视浏览不能代替独立工程/运行时视觉验收。
02_ASSETS/item_bar/itembar_highlight_both.png,item_bar,322,175,True,e25fdf380da21ff985b0eb57a34f99eb003bd9de61d328c3d7d920a9808cacec,candidate,READY_CANDIDATE_APPROVED_FOR_CODEX,needs_review,已检查文件一致性；缩略目视浏览不能代替独立工程/运行时视觉验收。
02_ASSETS/item_bar/itembar_highlight_left.png,item_bar,328,175,True,01593c48977562bccaf9626579266e7b67a6c94d4b32b90f0fb4eee5a393c0f7,candidate,READY_CANDIDATE_APPROVED_FOR_CODEX,needs_review,已检查文件一致性；缩略目视浏览不能代替独立工程/运行时视觉验收。
02_ASSETS/item_bar/itembar_highlight_right.png,item_bar,321,175,True,ab6ee383d7fd5451f58be4e9305c7ffa763ece64036662341668c40f8d9ae3b6,candidate,READY_CANDIDATE_APPROVED_FOR_CODEX,needs_review,已检查文件一致性；缩略目视浏览不能代替独立工程/运行时视觉验收。
02_ASSETS/item_bar/itembar_title.png,item_bar,286,210,True,28a0dafebe4ae716d615644e10c5cf3a7c6e1dfe23399911a201de700a7c16e6,candidate,READY_CANDIDATE_APPROVED_FOR_CODEX,needs_review,已检查文件一致性；缩略目视浏览不能代替独立工程/运行时视觉验收。
02_ASSETS/item_bar/itembar_toggle.png,item_bar,305,190,True,bc99e178620382f3f179f5bc3e9b95ad8c930a3e4e7c49d8e7b2016aec0180ac,candidate,READY_CANDIDATE_APPROVED_FOR_CODEX,needs_review,已检查文件一致性；缩略目视浏览不能代替独立工程/运行时视觉验收。
02_ASSETS/items/prop_feather_hud.png,items,242,290,True,5efe83ac9182d7b4b800e1e67601a4b0f868d38b8a708731811d73275c6a829c,candidate,READY_CANDIDATE_APPROVED_FOR_CODEX,needs_review,已检查文件一致性；缩略目视浏览不能代替独立工程/运行时视觉验收。
02_ASSETS/items/prop_feather_large.png,items,242,430,True,b1d36063ed95c03f18e928df7a55728f02fe760b4c7aa919ce117c510529fec7,candidate,READY_CANDIDATE_APPROVED_FOR_CODEX,needs_review,已检查文件一致性；缩略目视浏览不能代替独立工程/运行时视觉验收。
02_ASSETS/items/prop_reroll_hud.png,items,240,283,True,c4767a5e8ed17efe75e31b55bb49829db5b22b7e6c12f610dfbc7905b72c1bd7,candidate,READY_CANDIDATE_APPROVED_FOR_CODEX,needs_review,已检查文件一致性；缩略目视浏览不能代替独立工程/运行时视觉验收。
02_ASSETS/items/prop_reroll_large.png,items,241,419,True,e81c78c731882836ffda720e690d1395106e7986a446c57db0544d76c10775e7,candidate,READY_CANDIDATE_APPROVED_FOR_CODEX,needs_review,已检查文件一致性；缩略目视浏览不能代替独立工程/运行时视觉验收。
02_ASSETS/items/prop_restore_star_hud.png,items,241,264,True,11d35b26b008cf3c177fcdfa282d2c911346183c8d5bec58748fbea62365e45f,candidate,READY_CANDIDATE_APPROVED_FOR_CODEX,needs_review,已检查文件一致性；缩略目视浏览不能代替独立工程/运行时视觉验收。
02_ASSETS/items/prop_restore_star_large.png,items,237,415,True,18ccfee838fbb271c58477585f444630526309337ce1828eee746bc0476bbea5,candidate,READY_CANDIDATE_APPROVED_FOR_CODEX,needs_review,已检查文件一致性；缩略目视浏览不能代替独立工程/运行时视觉验收。
02_ASSETS/items/prop_shrink_hud.png,items,241,290,True,018797fbd8f7cb28cb9a4b79612c97ccfecc5e5dff6195a15a117a32887c4f71,candidate,READY_CANDIDATE_APPROVED_FOR_CODEX,needs_review,已检查文件一致性；缩略目视浏览不能代替独立工程/运行时视觉验收。
02_ASSETS/items/prop_shrink_large.png,items,241,372,True,9dda8dafbb5e0ac7c4669f6bdd71af6315e8f902d1035f03a327965d03c69327,candidate,READY_CANDIDATE_APPROVED_FOR_CODEX,needs_review,已检查文件一致性；缩略目视浏览不能代替独立工程/运行时视觉验收。
02_ASSETS/items/prop_strong_glue_hud.png,items,241,285,True,cbc2005380a5452b2483d11b3c87c037bbb62ac481d3e72b8608c5ab72a88c7f,candidate,READY_CANDIDATE_APPROVED_FOR_CODEX,needs_review,已检查文件一致性；缩略目视浏览不能代替独立工程/运行时视觉验收。
02_ASSETS/items/prop_strong_glue_large.png,items,241,381,True,d0ef3f7dfb52f1f0d7102f900d4199788f9a13e6596fc9b6dafcefbe6c6d64f9,candidate,READY_CANDIDATE_APPROVED_FOR_CODEX,needs_review,已检查文件一致性；缩略目视浏览不能代替独立工程/运行时视觉验收。
02_ASSETS/items/prop_undo_hud.png,items,242,290,True,ae82d52d743b4407b233695dc3d61391b7638b443cce667e582d8e3c518ba465,candidate,READY_CANDIDATE_APPROVED_FOR_CODEX,needs_review,已检查文件一致性；缩略目视浏览不能代替独立工程/运行时视觉验收。
02_ASSETS/items/prop_undo_large.png,items,242,384,True,94da747e0a640e8fc838d82e2e82b3c7fad759d99baf167a077ce7d0c1f27a6d,candidate,READY_CANDIDATE_APPROVED_FOR_CODEX,needs_review,已检查文件一致性；缩略目视浏览不能代替独立工程/运行时视觉验收。
02_ASSETS/landing/landing_hint_large.png,landing,450,230,True,1354fffaa9002b4c9eb5c6ad5cc44c08f938c4443c7e444ab112a121cf40b857,candidate,READY_CANDIDATE_APPROVED_FOR_CODEX,needs_review,已检查文件一致性；缩略目视浏览不能代替独立工程/运行时视觉验收。
02_ASSETS/landing/landing_hint_medium.png,landing,440,230,True,b26ae9509b63a8e0992b6675b851d067c88d0675ca043dab863aed77640c43af,candidate,READY_CANDIDATE_APPROVED_FOR_CODEX,needs_review,已检查文件一致性；缩略目视浏览不能代替独立工程/运行时视觉验收。
02_ASSETS/landing/landing_hint_small.png,landing,369,230,True,62c704602e06e020bf287782a0e745a856b250bd358f9cc76af88b2297fd4e3b,candidate,READY_CANDIDATE_APPROVED_FOR_CODEX,needs_review,已检查文件一致性；缩略目视浏览不能代替独立工程/运行时视觉验收。
02_ASSETS/landing/landing_shadow_large.png,landing,430,190,True,37e29b7de431435e7cb81a1c1b99d031ef83f342758710f513a0dea7b297bfaa,candidate,READY_CANDIDATE_APPROVED_FOR_CODEX,needs_review,已检查文件一致性；缩略目视浏览不能代替独立工程/运行时视觉验收。
02_ASSETS/landing/landing_shadow_medium.png,landing,420,190,True,1d55e467a426bddfd3d3d49851cdf5e8c3536fbffa812a744216932e0fccf736,candidate,READY_CANDIDATE_APPROVED_FOR_CODEX,needs_review,已检查文件一致性；缩略目视浏览不能代替独立工程/运行时视觉验收。
02_ASSETS/landing/landing_shadow_small.png,landing,359,190,True,907230e65623a2b2e9c3f747c0e87ddc7d4ff13317f90be91c96e5d1d00d6e5e,candidate,READY_CANDIDATE_APPROVED_FOR_CODEX,needs_review,已检查文件一致性；缩略目视浏览不能代替独立工程/运行时视觉验收。
02_ASSETS/landing/platform_city_base.png,landing,483,420,True,f00e1f21d059fe35793aadf260ecea07943ec0885a127762e543a44e009a147f,candidate,READY_CANDIDATE_APPROVED_FOR_CODEX,needs_review,已检查文件一致性；缩略目视浏览不能代替独立工程/运行时视觉验收。
02_ASSETS/landing/platform_cloud_base.png,landing,482,420,True,4e823878aaa7d97ed8cb29609b2300be5f149483b8cb2e9f394570b388c20c6e,candidate,READY_CANDIDATE_APPROVED_FOR_CODEX,needs_review,已检查文件一致性；缩略目视浏览不能代替独立工程/运行时视觉验收。
02_ASSETS/landing/platform_space_base.png,landing,483,413,True,124c073105c9ba0f1eff5b3dd1bfb7b9296675ac445e15497bdc2d9ca6754f23,candidate,READY_CANDIDATE_APPROVED_FOR_CODEX,needs_review,已检查文件一致性；缩略目视浏览不能代替独立工程/运行时视觉验收。
02_ASSETS/landing/vertical_drop_guide.png,landing,246,470,True,ecc497ca2f076d46ee0394e1ffdffe6ed642e5b3aef28f08087669bb2686053d,candidate,READY_CANDIDATE_APPROVED_FOR_CODEX,needs_review,已检查文件一致性；缩略目视浏览不能代替独立工程/运行时视觉验收。
02_ASSETS/next/next_basketball.png,next,226,259,True,111dea69313407fc555cdea340592a337e97a7e629c6f62e121ad3698ad1138a,candidate,READY_CANDIDATE_APPROVED_FOR_CODEX,blocked,现有图保留明暗/纹理，未满足纯轮廓要求；同时须复核邻图残片和裁切边缘。
02_ASSETS/next/next_bathtub.png,next,242,271,True,d03a0a6bd66e3066654136c71923a043bebe9dd3230bdcc8bb886279461d38ec,candidate,READY_CANDIDATE_APPROVED_FOR_CODEX,blocked,现有图保留明暗/纹理，未满足纯轮廓要求；同时须复核邻图残片和裁切边缘。
02_ASSETS/next/next_bowling_ball.png,next,242,271,True,8da9b5a3f01b08e9bdf6962c9cefefe24178e74827d8ab16e2dd361b690cdd5e,candidate,READY_CANDIDATE_APPROVED_FOR_CODEX,blocked,现有图保留明暗/纹理，未满足纯轮廓要求；同时须复核邻图残片和裁切边缘。
02_ASSETS/next/next_burger.png,next,227,241,True,14bcead3290d020c940e6bff2792fb1035d1332df87051f36e8b03323f3eca81,candidate,READY_CANDIDATE_APPROVED_FOR_CODEX,blocked,现有图保留明暗/纹理，未满足纯轮廓要求；同时须复核邻图残片和裁切边缘。
02_ASSETS/next/next_cardboard_box.png,next,241,241,True,51fecce46c09793959be43e203d656205b88ab5bfa031fe503cc656fb3859dc7,candidate,READY_CANDIDATE_APPROVED_FOR_CODEX,blocked,现有图保留明暗/纹理，未满足纯轮廓要求；同时须复核邻图残片和裁切边缘。
02_ASSETS/next/next_cat_bed.png,next,242,272,True,276afcd75ae63a4a849839f5816fff198c2f7d26d85a8c2da2e68109824bf6bb,candidate,READY_CANDIDATE_APPROVED_FOR_CODEX,blocked,现有图保留明暗/纹理，未满足纯轮廓要求；同时须复核邻图残片和裁切边缘。
02_ASSETS/next/next_dumbbell.png,next,241,271,True,d5905a457a86dbc8b7b731b1b46b2332a7bf6e0b2fd028d1f0e204fcfd42db55,candidate,READY_CANDIDATE_APPROVED_FOR_CODEX,blocked,现有图保留明暗/纹理，未满足纯轮廓要求；同时须复核邻图残片和裁切边缘。
02_ASSETS/next/next_fridge.png,next,240,271,True,6b6927eaedc7eb9eaad125388dd20fcf31c503582435566e61ececbdbeb73f37,candidate,READY_CANDIDATE_APPROVED_FOR_CODEX,blocked,现有图保留明暗/纹理，未满足纯轮廓要求；同时须复核邻图残片和裁切边缘。
02_ASSETS/next/next_giraffe.png,next,235,272,True,055fcf48aaabf211d87bf8874c5a7788558c9b28ad0ca5215700c97e6c6cdf27,candidate,READY_CANDIDATE_APPROVED_FOR_CODEX,blocked,现有图保留明暗/纹理，未满足纯轮廓要求；同时须复核邻图残片和裁切边缘。
02_ASSETS/next/next_ice_block.png,next,241,271,True,f0d419578369dbb386bb5575b881a8b68f40e824b91d82a51b1e6bc8a77de51b,candidate,READY_CANDIDATE_APPROVED_FOR_CODEX,blocked,现有图保留明暗/纹理，未满足纯轮廓要求；同时须复核邻图残片和裁切边缘。
02_ASSETS/next/next_oil_drum.png,next,199,258,True,dea730cfde9daf506f1115217050c03d29cf19e8d56f349b8524c9ae841dd9ef,candidate,READY_CANDIDATE_APPROVED_FOR_CODEX,blocked,现有图保留明暗/纹理，未满足纯轮廓要求；同时须复核邻图残片和裁切边缘。
02_ASSETS/next/next_piano.png,next,241,271,True,3fcab0221e78e21e3d4ec7c0c0a1d316838ad975b23dc7c5cab4937bff1230ba,candidate,READY_CANDIDATE_APPROVED_FOR_CODEX,blocked,现有图保留明暗/纹理，未满足纯轮廓要求；同时须复核邻图残片和裁切边缘。
02_ASSETS/next/next_rocket.png,next,242,256,True,bb6f352d40013a3816b2802d8c5af63fd6a538fbb08414cf1328068d932df2cd,candidate,READY_CANDIDATE_APPROVED_FOR_CODEX,blocked,现有图保留明暗/纹理，未满足纯轮廓要求；同时须复核邻图残片和裁切边缘。
02_ASSETS/next/next_slipper.png,next,242,271,True,e1c6f39d289cc6b3632f3db1aafbd65117066a7e1c14556a7e0c4af2ea8c3fb4,candidate,READY_CANDIDATE_APPROVED_FOR_CODEX,blocked,现有图保留明暗/纹理，未满足纯轮廓要求；同时须复核邻图残片和裁切边缘。
02_ASSETS/next/next_sofa.png,next,241,249,True,e585c91a9fe2f265eb722d0cbbf6e18d67bde7e9f60b8e10dc7477c485e5681f,candidate,READY_CANDIDATE_APPROVED_FOR_CODEX,blocked,现有图保留明暗/纹理，未满足纯轮廓要求；同时须复核邻图残片和裁切边缘。
02_ASSETS/next/next_spring_pad.png,next,222,272,True,b1d504462d65d85b517a2843235ec59a68b5c77cf7959fe5b4beeb5d5d87696f,candidate,READY_CANDIDATE_APPROVED_FOR_CODEX,blocked,现有图保留明暗/纹理，未满足纯轮廓要求；同时须复核邻图残片和裁切边缘。
02_ASSETS/next/next_television.png,next,226,266,True,b31bb0202d855f5c80a467386a682c13a912d3b4e2de648f17c7a9a505e803c6,candidate,READY_CANDIDATE_APPROVED_FOR_CODEX,blocked,现有图保留明暗/纹理，未满足纯轮廓要求；同时须复核邻图残片和裁切边缘。
02_ASSETS/next/next_tire.png,next,241,271,True,f9c144caf46cbed6e7a9293c9e265f403baf25b5c3c47f75d32716b6d0cafe04,candidate,READY_CANDIDATE_APPROVED_FOR_CODEX,blocked,现有图保留明暗/纹理，未满足纯轮廓要求；同时须复核邻图残片和裁切边缘。
02_ASSETS/next/next_toilet.png,next,241,259,True,99571dcbf619f603c2ff8293f40f1f08325329b95786bedd17cf34d21db65064,candidate,READY_CANDIDATE_APPROVED_FOR_CODEX,blocked,现有图保留明暗/纹理，未满足纯轮廓要求；同时须复核邻图残片和裁切边缘。
02_ASSETS/next/next_ufo.png,next,241,272,True,9be6c0f31a3949bafe9320cf8f157ba2f01a095d8914608099a4e14b22f7046f,candidate,READY_CANDIDATE_APPROVED_FOR_CODEX,blocked,现有图保留明暗/纹理，未满足纯轮廓要求；同时须复核邻图残片和裁切边缘。
02_ASSETS/next/next_vending_machine.png,next,220,257,True,32103e79a224712e78094f2da71024ba85ec7115a4bcef593b86ecf79581fcb9,candidate,READY_CANDIDATE_APPROVED_FOR_CODEX,blocked,现有图保留明暗/纹理，未满足纯轮廓要求；同时须复核邻图残片和裁切边缘。
02_ASSETS/next/next_whale.png,next,240,271,True,944209d22e003758b2f21f3f59eca8a3480ac59633b5a62a57dfbfe4daf27581,candidate,READY_CANDIDATE_APPROVED_FOR_CODEX,blocked,现有图保留明暗/纹理，未满足纯轮廓要求；同时须复核邻图残片和裁切边缘。
02_ASSETS/next/next_wood_plank.png,next,242,271,True,6e86bf4edfa616813fb1360cf534db08774d5cb9270e35f77b85aa1a37781aa7,candidate,READY_CANDIDATE_APPROVED_FOR_CODEX,blocked,现有图保留明暗/纹理，未满足纯轮廓要求；同时须复核邻图残片和裁切边缘。
02_ASSETS/next/next_wooden_crate.png,next,242,228,True,3c16fa77c65500f99c15bfc5146fce5467cfa044ef586eed1eefb011eebff170,candidate,READY_CANDIDATE_APPROVED_FOR_CODEX,blocked,现有图保留明暗/纹理，未满足纯轮廓要求；同时须复核邻图残片和裁切边缘。
02_ASSETS/objects/object_basketball.png,objects,322,355,True,de3c3fc1e8e2a8fec625c36a546b5a5057dfd10a9f7c7d193ce03ddd441831ed,candidate,READY_CANDIDATE_APPROVED_FOR_CODEX,blocked,上方带邻近木箱残片。
02_ASSETS/objects/object_bathtub.png,objects,362,324,True,62c0eaa99727d8cb68108e24693c49416533f428bd1c08bbe6e3fcbc3fac30fd,candidate,READY_CANDIDATE_APPROVED_FOR_CODEX,needs_review,已检查文件一致性；缩略目视浏览不能代替独立工程/运行时视觉验收。
02_ASSETS/objects/object_bowling_ball.png,objects,310,362,True,0cf1a328c7127767f9e469deb78feffa6197b18bda4a7a6f4c1943464d0e3953,candidate,READY_CANDIDATE_APPROVED_FOR_CODEX,needs_review,已检查文件一致性；缩略目视浏览不能代替独立工程/运行时视觉验收。
02_ASSETS/objects/object_burger.png,objects,319,362,True,86cc4c937edbedf923bae43e49ee3260c48e7afbd2ba85daa1854bb72d283778,candidate,READY_CANDIDATE_APPROVED_FOR_CODEX,needs_review,已检查文件一致性；缩略目视浏览不能代替独立工程/运行时视觉验收。
02_ASSETS/objects/object_cardboard_box.png,objects,331,322,True,987970527c2c5f9935fd04cea1b0b13d15e74cf39961978e5d6ba1dcd0a70e41,candidate,READY_CANDIDATE_APPROVED_FOR_CODEX,needs_review,已检查文件一致性；缩略目视浏览不能代替独立工程/运行时视觉验收。
02_ASSETS/objects/object_cat_bed.png,objects,338,362,True,553f4736947aec658163d7f6f13cae56b891fe6e0767b614eabb7acab766ad6d,candidate,READY_CANDIDATE_APPROVED_FOR_CODEX,needs_review,已检查文件一致性；缩略目视浏览不能代替独立工程/运行时视觉验收。
02_ASSETS/objects/object_dumbbell.png,objects,352,301,True,9fd1ee03b677a66def49dc60c8b5f5e3af5dcf576d52836ee6468d0e8f88dbf0,candidate,READY_CANDIDATE_APPROVED_FOR_CODEX,needs_review,已检查文件一致性；缩略目视浏览不能代替独立工程/运行时视觉验收。
02_ASSETS/objects/object_fridge.png,objects,362,338,True,1f81aafc12521c23422c127c779795a47f7272136ab1a5b6a02fdf001e0850b6,candidate,READY_CANDIDATE_APPROVED_FOR_CODEX,blocked,右侧带邻近物体残片。
02_ASSETS/objects/object_giraffe.png,objects,362,354,True,ba3d1d5d21a1e81df121d271e358e2803b519be98f6ff4a7353108f979fe7932,candidate,READY_CANDIDATE_APPROVED_FOR_CODEX,needs_review,已检查文件一致性；缩略目视浏览不能代替独立工程/运行时视觉验收。
02_ASSETS/objects/object_ice_block.png,objects,357,362,True,d1c8b925f111bee0cf43d2e241276849c0a8e7a3c4104fdd2c5ae0f9944d1d30,candidate,READY_CANDIDATE_APPROVED_FOR_CODEX,blocked,上方和右侧带邻近物体残片。
02_ASSETS/objects/object_oil_drum.png,objects,362,361,True,4228940e3f0384a47b766c642d24c9e269bd0b72c3952a83f9dd211e7261911b,candidate,READY_CANDIDATE_APPROVED_FOR_CODEX,needs_review,已检查文件一致性；缩略目视浏览不能代替独立工程/运行时视觉验收。
02_ASSETS/objects/object_piano.png,objects,362,338,True,7b7c9217d093efdd7b6ef3357f664fea2707f72181e411ddbfe927567ff74016,candidate,READY_CANDIDATE_APPROVED_FOR_CODEX,needs_review,已检查文件一致性；缩略目视浏览不能代替独立工程/运行时视觉验收。
02_ASSETS/objects/object_rocket.png,objects,320,350,True,cd913dc0a08c38e12f16ea597b602a4ec99da2bf83c08fb1211c40e73f6f42be,candidate,READY_CANDIDATE_APPROVED_FOR_CODEX,needs_review,已检查文件一致性；缩略目视浏览不能代替独立工程/运行时视觉验收。
02_ASSETS/objects/object_slipper.png,objects,350,324,True,58ad7493993a44f9bac20fdb6c422056ab5c294f4ce32f0a9683e74456202dde,candidate,READY_CANDIDATE_APPROVED_FOR_CODEX,needs_review,已检查文件一致性；缩略目视浏览不能代替独立工程/运行时视觉验收。
02_ASSETS/objects/object_sofa.png,objects,362,337,True,1c44c169151c117891245fe0e1f708eab668eca4a200fdaf0d95456bd8c7a148,candidate,READY_CANDIDATE_APPROVED_FOR_CODEX,blocked,画面下边界截断主体，须复核完整边缘。
02_ASSETS/objects/object_spring_pad.png,objects,362,362,True,706913e1cf01af87832a4bd4acb2fc78488b31895a660c458e9b9fe88f09af01,candidate,READY_CANDIDATE_APPROVED_FOR_CODEX,needs_review,已检查文件一致性；缩略目视浏览不能代替独立工程/运行时视觉验收。
02_ASSETS/objects/object_television.png,objects,362,351,True,3d89c3a11ee6ce1c437898633b797475ee4da9a94904f8ed4ab6fd9d8c96a926,candidate,READY_CANDIDATE_APPROVED_FOR_CODEX,needs_review,已检查文件一致性；缩略目视浏览不能代替独立工程/运行时视觉验收。
02_ASSETS/objects/object_tire.png,objects,338,284,True,b094446a57059ed4b0d04d0c3926b6296f7dd9e9266a591736248e98a1540eb3,candidate,READY_CANDIDATE_APPROVED_FOR_CODEX,needs_review,已检查文件一致性；缩略目视浏览不能代替独立工程/运行时视觉验收。
02_ASSETS/objects/object_toilet.png,objects,346,361,True,bdb46183be9b016a8c4b64f7acdb0511c28ff666b8516e7e2694e6b98c813eaa,candidate,READY_CANDIDATE_APPROVED_FOR_CODEX,needs_review,已检查文件一致性；缩略目视浏览不能代替独立工程/运行时视觉验收。
02_ASSETS/objects/object_ufo.png,objects,362,316,True,3330fedcdc6eac97a46883d4d0abf984fa865bfe31dccff5478c09d19486e2dc,candidate,READY_CANDIDATE_APPROVED_FOR_CODEX,needs_review,已检查文件一致性；缩略目视浏览不能代替独立工程/运行时视觉验收。
02_ASSETS/objects/object_vending_machine.png,objects,333,350,True,7c3b94f486932084ba089a5bd3d4b1ceb7c315815566510691458c037bfcb8a0,candidate,READY_CANDIDATE_APPROVED_FOR_CODEX,needs_review,已检查文件一致性；缩略目视浏览不能代替独立工程/运行时视觉验收。
02_ASSETS/objects/object_whale.png,objects,356,351,True,dd5c8db2adc7ae39ef13a625a7303f488282f1e39f2c9c16aebe714177cb67d4,candidate,READY_CANDIDATE_APPROVED_FOR_CODEX,needs_review,已检查文件一致性；缩略目视浏览不能代替独立工程/运行时视觉验收。
02_ASSETS/objects/object_wood_plank.png,objects,330,362,True,4cec9cd4bccbdd1079f9053d89f341339ff0b843e740d65d04defbcc3f1514ed,candidate,READY_CANDIDATE_APPROVED_FOR_CODEX,blocked,上下带其他物体残片；斜向画面须校准显示方向和碰撞轮廓。
02_ASSETS/objects/object_wooden_crate.png,objects,361,347,True,57214d087efaa1b2f9fbbc425675cb070821a16f3427b0fc147104d300c65b3d,candidate,READY_CANDIDATE_APPROVED_FOR_CODEX,blocked,右侧带邻近物体残片。
02_ASSETS/result_ui/death_reason_collapse.png,result_ui,128,128,True,88e43b5fe5044bd94aabc004fcbd8ac6951e114380f4db62e5868391bb70b63a,candidate,READY_CANDIDATE_APPROVED_FOR_CODEX,needs_review,已检查文件一致性；缩略目视浏览不能代替独立工程/运行时视觉验收。
02_ASSETS/result_ui/death_reason_drop.png,result_ui,128,128,True,dfd649ce8d05c101748a51d1132dbc75ccd81b26d32730651cbebcda2f3d988d,candidate,READY_CANDIDATE_APPROVED_FOR_CODEX,needs_review,已检查文件一致性；缩略目视浏览不能代替独立工程/运行时视觉验收。
02_ASSETS/result_ui/death_reason_imbalance.png,result_ui,128,128,True,419c0ac0bf8447bfab180582eb74f044e2893a23e5b281b1350f97d442dad622,candidate,READY_CANDIDATE_APPROVED_FOR_CODEX,needs_review,已检查文件一致性；缩略目视浏览不能代替独立工程/运行时视觉验收。
02_ASSETS/result_ui/death_reason_slide.png,result_ui,128,128,True,bbdafce844524a6a036f7573ff800402638b6daa1b3c33b1ff0ddc7b0f16924a,candidate,READY_CANDIDATE_APPROVED_FOR_CODEX,needs_review,已检查文件一致性；缩略目视浏览不能代替独立工程/运行时视觉验收。
02_ASSETS/result_ui/death_reason_unknown.png,result_ui,128,128,True,4b9067d098f294303b78eddb36f07784acd4649f45e7ec984afce246ee8ad671,candidate,READY_CANDIDATE_APPROVED_FOR_CODEX,needs_review,已检查文件一致性；缩略目视浏览不能代替独立工程/运行时视觉验收。
02_ASSETS/result_ui/result_btn_retry.png,result_ui,462,152,True,23773bf739451b1c47e002c5f37a34962a4fd175393a1e77a445b97fcf77f78b,candidate,READY_CANDIDATE_APPROVED_FOR_CODEX,needs_review,已检查文件一致性；缩略目视浏览不能代替独立工程/运行时视觉验收。
02_ASSETS/result_ui/result_btn_share.png,result_ui,462,152,True,91a8cfb520e31f9d30d97615568ca154a937a04977e11b0d953976ebdc36ced1,candidate,READY_CANDIDATE_APPROVED_FOR_CODEX,needs_review,已检查文件一致性；缩略目视浏览不能代替独立工程/运行时视觉验收。
02_ASSETS/result_ui/result_clutch_save_label.png,result_ui,452,124,True,2e6c679883f4dd3954bb3b03a8f3ee315661c8d7ae6bd34288a0f4878c09438c,candidate,READY_CANDIDATE_APPROVED_FOR_CODEX,needs_review,已检查文件一致性；缩略目视浏览不能代替独立工程/运行时视觉验收。
02_ASSETS/result_ui/result_collection_new_badge.png,result_ui,352,128,True,cf06bd14237d8c6622037ade9fd46939ab9f715ac6d5147e0b0b70274d71851a,candidate,READY_CANDIDATE_APPROVED_FOR_CODEX,needs_review,已检查文件一致性；缩略目视浏览不能代替独立工程/运行时视觉验收。
02_ASSETS/result_ui/result_death_reason_header.png,result_ui,362,118,True,8374c4f1f872090a633229b1750632ee0b60617f4aef7e722c0ecdce71c3cdf2,candidate,READY_CANDIDATE_APPROVED_FOR_CODEX,needs_review,已检查文件一致性；缩略目视浏览不能代替独立工程/运行时视觉验收。
02_ASSETS/result_ui/result_final_height_badge.png,result_ui,462,142,True,66565c136a50de68611837ea10d83854cd7a5d3337cedd8c16ab07e03e2c494b,candidate,READY_CANDIDATE_APPROVED_FOR_CODEX,needs_review,已检查文件一致性；缩略目视浏览不能代替独立工程/运行时视觉验收。
02_ASSETS/result_ui/result_tech_score_label.png,result_ui,382,124,True,05f9ed969ec7bc8f258eca1d1bb771ac7b5fdd087f354b5cd4630bfd9cfa37d1,candidate,READY_CANDIDATE_APPROVED_FOR_CODEX,needs_review,已检查文件一致性；缩略目视浏览不能代替独立工程/运行时视觉验收。
02_ASSETS/system_ui/icon_cloud_sync.png,system_ui,99,115,True,da204e9551d46986200f4da2642fbca551b53aa3b430cdaaa1f69f2e5bd2e554,candidate,READY_CANDIDATE_APPROVED_FOR_CODEX,needs_review,已检查文件一致性；缩略目视浏览不能代替独立工程/运行时视觉验收。
02_ASSETS/system_ui/icon_empty_box.png,system_ui,110,130,True,75412ff6cba79169a4ad588a615780636fbd58f2aa9d27795d5301dc4297045c,candidate,READY_CANDIDATE_APPROVED_FOR_CODEX,needs_review,已检查文件一致性；缩略目视浏览不能代替独立工程/运行时视觉验收。
02_ASSETS/system_ui/icon_refresh.png,system_ui,90,115,True,18d355ffe4e9f0bce1dacd0d677fb94034a4389ce64eee883a60ed0dd36946e2,candidate,READY_CANDIDATE_APPROVED_FOR_CODEX,needs_review,已检查文件一致性；缩略目视浏览不能代替独立工程/运行时视觉验收。
02_ASSETS/system_ui/icon_wifi_off.png,system_ui,91,115,True,23d2497e29183be29c53c9705712b33e3ffce7cb44eb35bce2450a7d71a16f6a,candidate,READY_CANDIDATE_APPROVED_FOR_CODEX,needs_review,已检查文件一致性；缩略目视浏览不能代替独立工程/运行时视觉验收。
02_ASSETS/system_ui/loading_bar.png,system_ui,320,68,True,84a6afe9524c976537d37cd9ccd2c5fd810950de562e962e296e863380a13260,candidate,READY_CANDIDATE_APPROVED_FOR_CODEX,blocked,进度百分比与填充烤死，需要可动态填充的组件。
02_ASSETS/system_ui/loading_dots.png,system_ui,153,61,True,c8578737df0062b963c5c10779481903721eadb9a1f52775afc17c6ce9ffa61c,candidate,READY_CANDIDATE_APPROVED_FOR_CODEX,needs_review,已检查文件一致性；缩略目视浏览不能代替独立工程/运行时视觉验收。
02_ASSETS/system_ui/loading_spinner.png,system_ui,124,106,True,582792cffb12659fe81f98861f6df49381277e727ddd18078eccfc11630c0bbe,candidate,READY_CANDIDATE_APPROVED_FOR_CODEX,needs_review,已检查文件一致性；缩略目视浏览不能代替独立工程/运行时视觉验收。
02_ASSETS/system_ui/modal_mask_sample.png,system_ui,209,101,True,8afe407b8d819908ee2f2a9987aa535526b04d40be4910393777019e9b30e1f4,candidate,READY_CANDIDATE_APPROVED_FOR_CODEX,needs_review,已检查文件一致性；缩略目视浏览不能代替独立工程/运行时视觉验收。
02_ASSETS/system_ui/reconnect_button.png,system_ui,235,80,True,41da814e120a940b5781503a4bd5068576b905e694266db203c4b2e1a520297e,candidate,READY_CANDIDATE_APPROVED_FOR_CODEX,needs_review,已检查文件一致性；缩略目视浏览不能代替独立工程/运行时视觉验收。
02_ASSETS/system_ui/retry_button.png,system_ui,235,95,True,40cbbac76d15820ff419f259048ace95d45297de872839328ab93c5f735c764a,candidate,READY_CANDIDATE_APPROVED_FOR_CODEX,needs_review,已检查文件一致性；缩略目视浏览不能代替独立工程/运行时视觉验收。
02_ASSETS/system_ui/toggle_off.png,system_ui,105,75,True,da902b9fa2f3d87654860367d4e766d4658b99bbc6afc32d4234fa3b25395e78,candidate,READY_CANDIDATE_APPROVED_FOR_CODEX,blocked,保留展板文字且按钮主体被截断。
02_ASSETS/system_ui/toggle_on.png,system_ui,101,80,True,86da20ceb4f99857eeda283f8cacf523a9b0e7537e3a34b7f0230df7f8d01625,candidate,READY_CANDIDATE_APPROVED_FOR_CODEX,blocked,保留展板文字且按钮主体被截断。
02_ASSETS/ui/btn_start.png,ui,608,244,True,e0dd3d83ed671584ac4dadaf50db9185ac5f017f2ff164e31b7df7c736b89fde,candidate,READY_CANDIDATE_APPROVED_FOR_CODEX,needs_review,已检查文件一致性；缩略目视浏览不能代替独立工程/运行时视觉验收。
02_ASSETS/ui/bubble_plain.png,ui,258,240,True,3270126d4618be17da2068fa5fb530640f7d9d8e26ba9410c2186e1f1fbd2221,candidate,READY_CANDIDATE_APPROVED_FOR_CODEX,blocked,上方及左侧带邻近组件残片。
02_ASSETS/ui/confirm_dialog.png,ui,300,136,True,f5ca32d31992680c72f0730030a9ed907c0fa4ce73c2fe1fd9634a8c941af43b,candidate,READY_CANDIDATE_APPROVED_FOR_CODEX,needs_review,已检查文件一致性；缩略目视浏览不能代替独立工程/运行时视觉验收。
02_ASSETS/ui/logo_main.png,ui,573,360,True,656729ca0a477c0abd780770150a567b503711c54c160aece88b998e6f64b2bf,candidate,READY_CANDIDATE_APPROVED_FOR_CODEX,needs_review,已检查文件一致性；缩略目视浏览不能代替独立工程/运行时视觉验收。
02_ASSETS/ui/panel_9slice_light.png,ui,245,105,True,c9ff0b00639e32976a09e0eb829add33e18261761992ca4227278dee0974b739,candidate,READY_CANDIDATE_APPROVED_FOR_CODEX,blocked,上方文字残留，面板边界需复核后确定九宫格。
02_ASSETS/ui/popup_base_9slice.png,ui,295,137,True,28426e24ebca0bd4feaf7c9db3c0d9b64d844e3ab94b5232938576438c81ce57,candidate,READY_CANDIDATE_APPROVED_FOR_CODEX,blocked,上方文字残留，面板下边界不完整。
02_ASSETS/ui/toast_bubble.png,ui,255,83,True,c95cbd212b2e604547c8c28acd33d43c5b520a620ff0dc761690903c155a9cb8,candidate,READY_CANDIDATE_APPROVED_FOR_CODEX,blocked,提示内容烤死且边界不完整。
